2021/12/19 - 05:13:58: Thao Nguyen, v151788, Staff
2021/12/19 - 05:13:56: Phuong Le, s560046, Student
2021/12/19 - 05:13:53: Anh Le, v600712, Staff
2021/12/19 - 05:13:51: Ha Phan, s853155, Student
2021/12/19 - 05:13:48: Thao Nguyen, v919121, Staff
2021/12/19 - 05:13:45: Trang Nguyen, s4402, Student
2021/12/19 - 05:13:42: Anh Tran, v941825, Staff
2021/12/19 - 05:13:39: Ha Trinh, v773069, Staff
2021/12/19 - 05:13:37: Trang Tran, s708266, Student
2021/12/19 - 05:13:31: Phuong Tran, s594973, Student
2021/12/19 - 05:13:29: Thao Le, v709592, Staff
2021/12/19 - 05:13:25: Phuong Trinh, v856163, Staff
